ingredient,calories,protein,carbs,fat,fiber,sugars,calcium_mg,iron_mg,magnesium_mg,phosphorus_mg,potassium_mg,sodium_mg,zinc_mg,vitamin_c_mg,thiamin_mg,riboflavin_mg,niacin_mg,vitamin_b6_mg,folate_mcg,vitamin_a_mcg,vitamin_e_mg,category,veg_nonveg
White rice,365,7.1,80.0,0.7,1.0,0.1,28,0.8,25,115,115,5,1.1,0,0.07,0.05,1.6,0.16,8,0,0.11,Grains Rice & Cereals,Vegetarian
Red rice,357,7.5,76.0,2.0,3.0,0.7,10,2.5,44,264,256,5,1.3,0,0.4,0.05,4.3,0.4,20,0,0.5,Grains Rice & Cereals,Vegetarian
Brown rice,362,7.5,76.2,2.7,3.4,0.7,23,1.5,143,333,268,4,2.0,0,0.4,0.05,4.3,0.5,20,0,0.6,Grains Rice & Cereals,Vegetarian
Keeri samba rice,365,7.1,80.0,0.7,1.0,0.1,28,0.8,25,115,115,5,1.1,0,0.07,0.05,1.6,0.16,8,0,0.11,Grains Rice & Cereals,Vegetarian
Samba rice,365,7.1,80.0,0.7,1.0,0.1,28,0.8,25,115,115,5,1.1,0,0.07,0.05,1.6,0.16,8,0,0.11,Grains Rice & Cereals,Vegetarian
Basmati rice,350,7.5,77.8,0.6,0.6,0.1,10,0.7,12,90,103,5,0.6,0,0.07,0.05,1.6,0.1,8,0,0.1,Grains Rice & Cereals,Vegetarian
Pachchaperumal rice,365,7.1,80.0,0.7,1.0,0.1,28,0.8,25,115,115,5,1.1,0,0.07,0.05,1.6,0.16,8,0,0.11,Grains Rice & Cereals,Vegetarian
Nadu rice,365,7.1,80.0,0.7,1.0,0.1,28,0.8,25,115,115,5,1.1,0,0.07,0.05,1.6,0.16,8,0,0.11,Grains Rice & Cereals,Vegetarian
Parboiled rice,370,7.5,80.0,0.6,1.3,0.2,71,0.4,25,115,150,5,1.1,0,0.3,0.05,3.0,0.3,18,0,0.2,Grains Rice & Cereals,Vegetarian
Broken rice,365,7.1,80.0,0.7,1.0,0.1,28,0.8,25,115,115,5,1.1,0,0.07,0.05,1.6,0.16,8,0,0.11,Grains Rice & Cereals,Vegetarian
Rice flakes,360,6.7,80.0,0.5,1.0,0.2,20,0.8,20,100,110,5,0.8,0,0.1,0.02,1.5,0.1,10,0,0.1,Grains Rice & Cereals,Vegetarian
Rice flour,366,5.9,80.1,1.4,2.4,0.3,11,0.4,35,98,76,0,0.8,0,0.1,0.02,1.5,0.1,4,0,0.1,Grains Rice & Cereals,Vegetarian
Wheat grain,340,13.0,72.0,2.0,10.5,0.4,34,3.5,138,346,405,2,2.6,0,0.4,0.1,5.0,0.3,44,0,1.0,Grains Rice & Cereals,Vegetarian
Whole wheat,340,13.0,72.0,2.0,10.5,0.4,34,3.5,138,346,405,2,2.6,0,0.4,0.1,5.0,0.3,44,0,1.0,Grains Rice & Cereals,Vegetarian
Wheat berries,340,13.0,72.0,2.0,10.5,0.4,34,3.5,138,346,405,2,2.6,0,0.4,0.1,5.0,0.3,44,0,1.0,Grains Rice & Cereals,Vegetarian
Durum wheat,339,13.7,71.1,2.5,10.5,0.4,34,3.5,144,508,431,2,3.2,0,0.4,0.1,5.0,0.4,43,0,1.0,Grains Rice & Cereals,Vegetarian
Barley,352,9.9,77.7,1.2,15.6,0.8,29,2.5,79,221,280,9,2.1,0,0.2,0.1,4.6,0.3,23,0,0.6,Grains Rice & Cereals,Vegetarian
Pearl barley,352,9.9,77.7,1.2,15.6,0.8,29,2.5,79,221,280,9,2.1,0,0.2,0.1,4.6,0.3,23,0,0.6,Grains Rice & Cereals,Vegetarian
Finger millet,336,7.3,72.0,1.3,11.5,1.5,344,3.9,137,283,408,11,2.3,0,0.4,0.2,1.1,0.4,42,0,0.2,Grains Rice & Cereals,Vegetarian
Kodo millet,353,8.3,66.0,3.6,9.0,1.5,27,0.5,147,188,144,4,0.7,0,0.2,0.1,2.0,0.2,23,0,0.1,Grains Rice & Cereals,Vegetarian
Foxtail millet,331,12.3,60.9,4.3,8.0,1.7,31,2.8,81,290,250,5,2.4,0,0.6,0.1,3.2,0.1,15,0,0.1,Grains Rice & Cereals,Vegetarian
Proso millet,341,12.5,70.4,3.5,9.7,1.5,14,0.9,153,285,113,5,1.4,0,0.4,0.3,4.5,0.4,85,0,0.1,Grains Rice & Cereals,Vegetarian
Barnyard millet,307,6.2,65.5,2.2,9.8,1.5,20,5.0,82,280,250,5,3.0,0,0.3,0.1,4.2,0.2,20,0,0.5,Grains Rice & Cereals,Vegetarian
Little millet,329,9.7,65.5,4.7,7.6,1.5,17,9.3,133,220,170,8,3.7,0,0.3,0.1,3.8,0.2,23,0,0.2,Grains Rice & Cereals,Vegetarian
Sorghum,339,11.3,74.6,3.3,6.3,1.9,28,4.4,165,287,363,6,1.7,0,0.2,0.1,2.9,0.4,20,0,0.5,Grains Rice & Cereals,Vegetarian
Maize,365,9.4,74.3,4.7,7.3,0.6,7,2.7,127,210,287,35,2.2,6.8,0.4,0.2,3.6,0.6,19,9,0.5,Grains Rice & Cereals,Vegetarian
Corn grits,370,8.8,79.9,1.2,3.6,0.6,2,1.1,28,99,93,1,0.5,0,0.1,0.1,2.3,0.1,32,0,0.1,Grains Rice & Cereals,Vegetarian
Corn flour,361,6.9,76.9,3.9,3.9,0.6,7,1.1,35,99,142,5,0.5,0,0.1,0.1,1.8,0.1,32,0,0.1,Grains Rice & Cereals,Vegetarian
Oats,389,16.9,66.3,6.9,10.6,0.0,54,4.7,177,523,429,2,4.0,0,0.8,0.1,1.0,0.1,56,0,0.4,Grains Rice & Cereals,Vegetarian
Rolled oats,379,13.2,67.7,6.5,10.3,0.0,52,4.3,138,410,362,6,3.6,0,0.5,0.1,1.1,0.1,44,0,0.3,Grains Rice & Cereals,Vegetarian
Steel cut oats,389,16.9,66.3,6.9,10.6,0.0,54,4.7,177,523,429,2,4.0,0,0.8,0.1,1.0,0.1,56,0,0.4,Grains Rice & Cereals,Vegetarian
Rye,338,10.3,75.9,1.6,15.1,0.9,24,2.6,110,332,510,2,2.7,0,0.3,0.2,4.3,0.3,60,0,0.9,Grains Rice & Cereals,Vegetarian
Quinoa,368,14.1,64.2,6.1,7.0,1.5,47,4.6,197,457,563,5,3.1,0,0.4,0.3,1.5,0.5,184,0,2.4,Grains Rice & Cereals,Vegetarian
Buckwheat,343,13.3,71.5,3.4,10.0,0.0,18,2.2,231,347,460,1,2.4,0,0.1,0.4,7.0,0.2,30,0,0.1,Grains Rice & Cereals,Vegetarian
Amaranth grain,371,13.6,65.3,7.0,6.7,1.7,159,7.6,248,557,508,4,2.9,4.2,0.1,0.2,0.9,0.6,82,0,1.2,Grains Rice & Cereals,Vegetarian
Teff,367,13.3,73.1,2.4,8.0,1.8,180,7.6,184,429,427,12,3.6,0,0.4,0.3,2.4,0.5,0,0,0.1,Grains Rice & Cereals,Vegetarian
Semolina,360,12.7,72.8,1.1,3.9,0.1,17,1.2,47,136,186,1,1.1,0,0.3,0.1,1.0,0.1,72,0,0.1,Grains Rice & Cereals,Vegetarian
Broken wheat,340,13.0,72.0,2.0,10.5,0.4,34,3.5,138,346,405,2,2.6,0,0.4,0.1,5.0,0.3,44,0,1.0,Grains Rice & Cereals,Vegetarian
Flattened wheat,340,13.0,72.0,2.0,10.5,0.4,34,3.5,138,346,405,2,2.6,0,0.4,0.1,5.0,0.3,44,0,1.0,Grains Rice & Cereals,Vegetarian
Tapioca pearls,358,0.2,88.7,0.1,0.9,3.4,16,0.3,21,13,271,2,0.1,20.6,0.1,0.0,0.9,0.0,4,0,0.2,Grains Rice & Cereals,Vegetarian
Wheat flour,364,10.3,76.3,1.0,2.7,0.3,15,1.2,22,108,107,2,0.7,0,0.1,0.0,1.3,0.0,26,0,0.1,Flours,Vegetarian
Whole wheat flour,340,13.0,72.0,2.0,10.5,0.4,34,3.5,138,346,405,2,2.6,0,0.4,0.1,5.0,0.3,44,0,1.0,Flours,Vegetarian
Rice flour,366,5.9,80.1,1.4,2.4,0.3,11,0.4,35,98,76,0,0.8,0,0.1,0.02,1.5,0.1,4,0,0.1,Flours,Vegetarian
Red rice flour,357,7.5,76.0,2.0,3.0,0.7,10,2.5,44,264,256,5,1.3,0,0.4,0.05,4.3,0.4,20,0,0.5,Flours,Vegetarian
Brown rice flour,362,7.5,76.2,2.7,3.4,0.7,23,1.5,143,333,268,4,2.0,0,0.4,0.05,4.3,0.5,20,0,0.6,Flours,Vegetarian
Millet flour,378,10.8,72.9,4.3,8.5,1.5,14,2.8,85,290,224,5,1.5,0,0.4,0.1,3.2,0.1,15,0,0.3,Flours,Vegetarian
Finger millet flour,336,7.3,72.0,1.3,11.5,1.5,344,3.9,137,283,408,11,2.3,0,0.4,0.2,1.1,0.4,42,0,0.2,Flours,Vegetarian
Sorghum flour,359,8.4,77.0,3.0,6.6,1.9,13,3.4,165,289,350,6,1.5,0,0.2,0.1,2.9,0.4,20,0,0.5,Flours,Vegetarian
Corn flour,361,6.9,76.9,3.9,3.9,0.6,7,1.1,35,99,142,5,0.5,0,0.1,0.1,1.8,0.1,32,0,0.1,Flours,Vegetarian
Cornmeal,362,8.1,76.9,3.6,7.3,0.6,7,2.7,127,210,287,35,2.2,0,0.4,0.2,3.6,0.6,19,9,0.5,Flours,Vegetarian
Chickpea flour,387,22.4,57.8,6.7,10.8,10.8,45,4.9,166,318,846,64,2.8,0,0.5,0.2,1.8,0.5,437,41,0.8,Flours,Vegetarian
Green gram flour,341,25.1,58.0,1.5,16.0,6.6,132,7.6,189,367,1242,30,3.0,0,0.6,0.2,2.3,0.4,625,6,0.5,Flours,Vegetarian
Black gram flour,341,25.2,58.0,1.4,5.0,5.0,138,9.1,267,379,983,38,3.5,0,0.4,0.3,2.2,0.3,216,6,0.2,Flours,Vegetarian
Lentil flour,358,25.8,60.1,1.1,10.8,2.0,35,7.5,47,334,578,6,3.1,0,0.5,0.2,2.6,0.5,204,6,0.5,Flours,Vegetarian
Barley flour,357,10.5,78.3,1.6,10.1,0.8,29,2.5,79,221,280,9,2.1,0,0.2,0.1,4.6,0.3,23,0,0.6,Flours,Vegetarian
Oat flour,404,14.7,65.7,9.1,6.5,0.8,55,4.3,144,452,371,19,3.2,0,0.7,0.1,1.5,0.1,56,0,0.8,Flours,Vegetarian
Coconut flour,443,18.0,60.0,15.0,35.0,18.0,60,4.6,90,260,660,40,2.0,0,0.1,0.1,1.0,0.2,0,0,0.5,Flours,Vegetarian
Tapioca flour,358,0.2,88.7,0.1,0.9,3.4,16,0.3,21,13,271,2,0.1,20.6,0.1,0.0,0.9,0.0,4,0,0.2,Flours,Vegetarian
Arrowroot flour,357,0.3,88.2,0.1,3.4,3.4,40,2.2,30,98,11,2,0.4,0,0.1,0.1,1.7,0.3,338,0,0.2,Flours,Vegetarian
Cassava flour,360,1.4,87.8,0.3,3.7,3.7,16,0.3,21,27,271,14,0.3,20.6,0.1,0.0,0.9,0.1,27,0,0.2,Flours,Vegetarian
Green gram,347,24.0,62.6,1.2,16.0,6.6,132,7.6,189,367,1242,15,3.0,4.8,0.6,0.2,2.3,0.4,625,6,0.5,Pulses & Legumes,Vegetarian
Green gram split,347,24.0,62.6,1.2,16.0,6.6,132,7.6,189,367,1242,15,3.0,4.8,0.6,0.2,2.3,0.4,625,6,0.5,Pulses & Legumes,Vegetarian
Black gram,341,25.2,58.0,1.4,5.0,5.0,138,9.1,267,379,983,38,3.5,0,0.4,0.3,2.2,0.3,216,6,0.2,Pulses & Legumes,Vegetarian
Black gram split,341,25.2,58.0,1.4,5.0,5.0,138,9.1,267,379,983,38,3.5,0,0.4,0.3,2.2,0.3,216,6,0.2,Pulses & Legumes,Vegetarian
Chickpeas,378,20.5,63.0,6.0,12.2,10.8,57,4.3,79,252,718,24,2.8,4.0,0.5,0.2,1.5,0.5,557,67,0.8,Pulses & Legumes,Vegetarian
Kabuli chickpeas,378,20.5,63.0,6.0,12.2,10.8,57,4.3,79,252,718,24,2.8,4.0,0.5,0.2,1.5,0.5,557,67,0.8,Pulses & Legumes,Vegetarian
Desi chickpeas,378,20.5,63.0,6.0,12.2,10.8,57,4.3,79,252,718,24,2.8,4.0,0.5,0.2,1.5,0.5,557,67,0.8,Pulses & Legumes,Vegetarian
Red lentils,358,25.8,60.1,1.1,10.8,2.0,35,7.5,47,334,578,6,3.1,4.5,0.5,0.2,2.6,0.5,204,6,0.5,Pulses & Legumes,Vegetarian
Brown lentils,353,24.6,63.1,1.1,10.7,2.0,35,7.5,47,281,677,6,3.1,4.5,0.5,0.2,2.6,0.5,204,6,0.5,Pulses & Legumes,Vegetarian
Green lentils,352,24.6,63.4,1.1,10.7,2.0,35,7.5,47,281,677,6,3.1,4.5,0.5,0.2,2.6,0.5,204,6,0.5,Pulses & Legumes,Vegetarian
Yellow lentils,358,25.8,60.1,1.1,10.8,2.0,35,7.5,47,334,578,6,3.1,4.5,0.5,0.2,2.6,0.5,204,6,0.5,Pulses & Legumes,Vegetarian
Pigeon peas,343,21.7,62.8,1.5,15.0,0.0,130,5.2,138,367,1392,17,1.9,0,0.6,0.2,3.0,0.3,456,2,0.4,Pulses & Legumes,Vegetarian
Cowpeas,336,23.5,60.0,1.3,10.6,6.9,77,5.1,184,424,1112,16,3.4,1.5,0.9,0.2,2.1,0.4,633,3,0.3,Pulses & Legumes,Vegetarian
Black eyed peas,336,23.5,60.0,1.3,10.6,6.9,77,5.1,184,424,1112,16,3.4,1.5,0.9,0.2,2.1,0.4,633,3,0.3,Pulses & Legumes,Vegetarian
Soybeans,446,36.5,30.2,19.9,9.3,7.3,277,15.7,280,704,1797,2,4.9,6.0,0.9,0.9,1.6,0.4,375,22,0.9,Pulses & Legumes,Vegetarian
Edamame,122,11.2,9.9,5.2,5.2,2.2,63,2.3,64,169,436,6,1.4,6.1,0.2,0.2,0.9,0.1,311,6,0.7,Pulses & Legumes,Vegetarian
Peanuts,567,25.8,16.1,49.2,8.5,4.7,92,4.6,168,376,705,18,3.3,0,0.6,0.1,12.1,0.3,240,0,8.3,Pulses & Legumes,Vegetarian
Horse gram,321,22.0,57.2,0.6,5.3,0.0,287,7.0,166,311,1228,19,2.7,0,0.4,0.2,1.5,0.4,0,12,0.1,Pulses & Legumes,Vegetarian
Lima beans,338,21.5,63.4,0.7,19.0,8.5,81,7.5,224,385,1724,18,2.8,0,0.5,0.2,1.5,0.5,395,0,0.7,Pulses & Legumes,Vegetarian
Kidney beans,333,23.6,60.0,0.8,24.9,2.2,83,6.7,140,407,1406,24,2.8,4.5,0.5,0.2,2.1,0.4,394,0,0.2,Pulses & Legumes,Vegetarian
White beans,333,23.4,60.3,0.9,15.2,2.1,240,10.4,190,301,1795,16,3.7,0,0.4,0.1,0.3,0.4,388,0,0.2,Pulses & Legumes,Vegetarian
Navy beans,337,22.3,60.8,1.5,24.4,3.9,147,5.5,175,407,1188,0,2.2,1.3,0.8,0.2,1.4,0.4,364,0,0.0,Pulses & Legumes,Vegetarian
Adzuki beans,329,19.9,62.9,0.5,12.7,0.0,66,4.6,127,381,1254,5,5.0,0,0.5,0.1,2.6,0.4,622,6,0.0,Pulses & Legumes,Vegetarian
Moth beans,343,23.0,61.5,1.6,5.3,6.7,150,9.5,330,387,1191,30,3.0,0,0.6,0.2,2.2,0.4,649,25,0.5,Pulses & Legumes,Vegetarian
Bambara groundnut,367,18.8,61.0,6.2,5.3,0.0,17,3.0,172,212,1110,5,1.4,0,0.3,0.1,0.9,0.1,0,0,0.0,Pulses & Legumes,Vegetarian
Hyacinth beans,344,23.4,60.1,1.7,10.0,0.0,130,5.0,100,330,983,25,2.0,0,0.6,0.2,1.2,0.2,658,0,0.3,Pulses & Legumes,Vegetarian
Winged beans,409,29.7,41.7,16.3,25.9,0.0,440,13.4,179,451,977,38,4.5,0,1.0,0.2,3.1,0.1,45,0,0.0,Pulses & Legumes,Vegetarian
Fava beans,341,26.1,58.3,1.5,25.0,5.7,103,6.7,192,421,1062,50,3.1,1.4,0.6,0.3,2.8,0.4,423,53,0.0,Pulses & Legumes,Vegetarian
Dry peas,341,24.6,60.4,1.2,15.7,8.0,55,4.4,115,322,852,15,3.0,0.4,0.7,0.2,3.0,0.2,274,149,0.1,Pulses & Legumes,Vegetarian
Split peas,348,24.6,63.0,1.2,10.8,8.0,27,4.4,115,334,852,15,3.0,0.4,0.7,0.2,3.0,0.2,65,149,0.1,Pulses & Legumes,Vegetarian
Carrot,41,0.9,9.6,0.2,2.8,4.7,33,0.3,12,35,320,69,0.2,5.9,0.1,0.1,1.0,0.1,19,835,0.7,Vegetables,Vegetarian
Beetroot,43,1.6,9.6,0.2,2.8,6.8,16,0.8,23,40,325,78,0.4,4.9,0.0,0.0,0.3,0.1,109,2,0.0,Vegetables,Vegetarian
Radish,16,0.7,3.4,0.1,1.6,1.9,25,0.3,10,20,233,39,0.3,14.8,0.0,0.0,0.3,0.1,25,0,0.0,Vegetables,Vegetarian
Turnip,28,0.9,6.4,0.1,1.8,3.8,30,0.3,11,27,191,67,0.3,21.0,0.0,0.0,0.4,0.1,15,0,0.0,Vegetables,Vegetarian
Potato,77,2.0,17.5,0.1,2.2,0.8,12,0.8,23,57,425,6,0.3,19.7,0.1,0.0,1.1,0.3,15,0,0.0,Vegetables,Vegetarian
Sweet potato,86,1.6,20.1,0.1,3.0,4.2,30,0.6,25,47,337,55,0.3,2.4,0.1,0.1,0.6,0.2,11,709,0.3,Vegetables,Vegetarian
Yam,118,1.5,27.9,0.2,4.1,0.5,17,0.5,21,55,816,9,0.2,17.1,0.1,0.0,0.6,0.3,23,0,0.4,Vegetables,Vegetarian
Cassava,160,1.4,38.1,0.3,1.8,1.7,16,0.3,21,27,271,14,0.3,20.6,0.1,0.0,0.9,0.1,27,0,0.2,Vegetables,Vegetarian
Taro root,112,1.5,26.5,0.2,4.1,0.4,43,0.6,33,84,591,11,0.2,4.5,0.1,0.0,0.6,0.3,22,0,2.4,Vegetables,Vegetarian
Elephant foot yam,118,1.5,27.9,0.2,4.1,0.5,17,0.5,21,55,816,9,0.2,17.1,0.1,0.0,0.6,0.3,23,0,0.4,Vegetables,Vegetarian
Pumpkin,26,1.0,6.5,0.1,0.5,2.8,21,0.8,12,44,340,1,0.3,9.0,0.1,0.1,0.6,0.1,16,426,1.1,Vegetables,Vegetarian
Ash pumpkin,15,0.6,3.4,0.1,0.5,1.7,19,0.4,10,13,125,111,0.1,13.0,0.0,0.0,0.4,0.0,0,0,0.1,Vegetables,Vegetarian
Bottle gourd,14,0.6,3.4,0.0,0.5,2.0,26,0.2,11,13,150,2,0.7,10.1,0.0,0.0,0.3,0.0,6,0,0.0,Vegetables,Vegetarian
Ridge gourd,17,0.5,3.4,0.2,0.5,1.0,20,0.4,14,30,139,3,0.8,12.0,0.0,0.0,0.4,0.1,7,0,0.1,Vegetables,Vegetarian
Snake gourd,18,0.5,3.4,0.3,0.5,0.0,26,0.3,9,20,150,2,0.8,29.0,0.0,0.0,0.2,0.0,6,0,0.0,Vegetables,Vegetarian
Bitter gourd,17,1.0,3.7,0.2,2.8,0.0,19,0.4,17,31,296,5,0.8,84.0,0.0,0.0,0.4,0.0,72,24,0.3,Vegetables,Vegetarian
Cucumber,15,0.7,3.6,0.1,0.5,1.7,16,0.3,13,24,147,2,0.2,2.8,0.0,0.0,0.1,0.0,7,5,0.0,Vegetables,Vegetarian
Zucchini,17,1.2,3.1,0.3,1.0,2.5,16,0.4,18,38,261,8,0.3,17.9,0.0,0.0,0.5,0.2,24,10,0.1,Vegetables,Vegetarian
Tomato,18,0.9,3.9,0.2,1.2,2.6,10,0.3,11,24,237,5,0.2,13.7,0.0,0.0,0.6,0.1,15,42,0.5,Vegetables,Vegetarian
Green tomato,23,1.2,5.1,0.2,1.1,4.0,13,0.5,20,36,204,10,0.2,23.4,0.1,0.0,0.7,0.1,22,32,0.4,Vegetables,Vegetarian
Brinjal,25,1.0,5.9,0.2,3.0,3.5,9,0.2,14,24,229,2,0.2,2.2,0.0,0.0,0.6,0.1,22,23,0.3,Vegetables,Vegetarian
Eggplant,25,1.0,5.9,0.2,3.0,3.5,9,0.2,14,24,229,2,0.2,2.2,0.0,0.0,0.6,0.1,22,23,0.3,Vegetables,Vegetarian
Capsicum green,20,0.9,4.6,0.2,1.7,2.4,10,0.3,10,20,175,3,0.1,80.4,0.1,0.0,0.5,0.2,10,18,0.4,Vegetables,Vegetarian
Capsicum red,31,1.0,6.0,0.3,2.1,4.2,7,0.4,12,26,211,4,0.3,127.7,0.1,0.0,0.9,0.3,46,157,1.6,Vegetables,Vegetarian
Capsicum yellow,27,1.0,6.3,0.2,0.9,0.0,11,0.5,12,24,212,2,0.2,183.5,0.0,0.0,0.9,0.2,26,10,0.4,Vegetables,Vegetarian
Okra,33,1.9,7.5,0.2,3.2,1.5,82,0.6,57,61,299,8,0.6,23.0,0.2,0.1,1.0,0.2,60,36,0.3,Vegetables,Vegetarian
Drumstick pods,37,2.1,8.5,0.2,3.2,0.0,30,0.4,45,50,461,42,0.5,141.0,0.1,0.1,0.7,0.1,44,4,0.0,Vegetables,Vegetarian
Drumstick flowers,37,2.1,8.5,0.2,3.2,0.0,30,0.4,45,50,461,42,0.5,141.0,0.1,0.1,0.7,0.1,44,4,0.0,Vegetables,Vegetarian
Cauliflower,25,1.9,5.0,0.3,2.0,1.9,22,0.4,15,44,299,30,0.3,48.2,0.1,0.1,0.5,0.2,57,0,0.1,Vegetables,Vegetarian
Cabbage,25,1.3,5.8,0.1,2.5,3.2,40,0.5,12,26,170,18,0.2,36.6,0.1,0.0,0.2,0.1,43,5,0.2,Vegetables,Vegetarian
Broccoli,34,2.8,7.0,0.4,2.6,1.7,47,0.7,21,66,316,33,0.4,89.2,0.1,0.1,0.6,0.2,63,31,0.8,Vegetables,Vegetarian
Green beans,31,1.8,7.0,0.1,2.7,3.3,37,1.0,25,38,211,6,0.2,12.2,0.1,0.1,0.7,0.1,33,35,0.4,Vegetables,Vegetarian
French beans,31,1.8,7.0,0.1,2.7,3.3,37,1.0,25,38,211,6,0.2,12.2,0.1,0.1,0.7,0.1,33,35,0.4,Vegetables,Vegetarian
Long beans,47,2.8,8.4,0.4,3.6,0.0,50,0.5,44,59,250,4,0.4,18.8,0.1,0.1,0.4,0.0,62,43,0.0,Vegetables,Vegetarian
Cluster beans,16,3.2,10.0,0.0,12.0,0.0,130,1.2,60,50,400,0,0.0,46.0,0.1,0.1,0.8,0.0,30,50,0.0,Vegetables,Vegetarian
Peas,81,5.4,14.5,0.4,5.1,5.7,25,1.5,33,108,244,5,1.2,40.0,0.3,0.1,2.1,0.2,65,38,0.1,Vegetables,Vegetarian
Green peas,81,5.4,14.5,0.4,5.1,5.7,25,1.5,33,108,244,5,1.2,40.0,0.3,0.1,2.1,0.2,65,38,0.1,Vegetables,Vegetarian
Onion,40,1.1,9.3,0.1,1.7,4.2,23,0.2,10,29,146,4,0.2,7.4,0.0,0.0,0.1,0.1,19,0,0.0,Vegetables,Vegetarian
Red onion,40,1.1,9.3,0.1,1.7,4.2,23,0.2,10,29,146,4,0.2,7.4,0.0,0.0,0.1,0.1,19,0,0.0,Vegetables,Vegetarian
Shallots,72,2.5,16.8,0.1,3.2,7.9,37,1.2,21,60,334,12,0.4,8.0,0.1,0.0,0.2,0.3,34,0,0.0,Vegetables,Vegetarian
Garlic,149,6.4,33.1,0.5,2.1,1.0,181,1.7,25,153,401,17,1.2,31.2,0.2,0.1,0.7,1.2,3,0,0.1,Vegetables,Vegetarian
Ginger,80,1.8,17.8,0.8,2.0,1.7,16,0.6,43,34,415,13,0.3,5.0,0.0,0.0,0.8,0.2,11,0,0.3,Vegetables,Vegetarian
Leeks,61,1.5,14.2,0.3,1.8,3.9,59,2.1,28,35,180,20,0.1,12.0,0.1,0.0,0.4,0.2,64,0,0.9,Vegetables,Vegetarian
Spring onion,32,1.8,7.3,0.2,2.6,2.3,72,1.5,20,37,276,16,0.4,18.8,0.1,0.1,0.5,0.1,64,50,0.6,Vegetables,Vegetarian
Chives,30,3.3,4.4,0.7,2.5,1.9,92,1.6,42,58,296,3,0.6,58.1,0.1,0.1,0.6,0.1,105,218,0.2,Vegetables,Vegetarian
Celery,16,0.7,3.0,0.2,1.6,1.3,40,0.2,11,24,260,80,0.1,3.1,0.0,0.1,0.3,0.1,36,22,0.3,Vegetables,Vegetarian
Kohlrabi,27,1.7,6.2,0.1,3.6,2.6,24,0.4,19,46,350,20,0.0,62.0,0.1,0.0,0.4,0.2,16,0,0.5,Vegetables,Vegetarian
Turnip greens,32,1.5,7.1,0.3,3.2,0.7,190,1.1,31,42,296,40,0.2,60.0,0.1,0.1,0.6,0.3,194,579,2.9,Vegetables,Vegetarian
Sweet corn,86,3.3,19.0,1.2,2.7,3.2,2,0.5,37,89,270,15,0.5,6.8,0.2,0.1,1.8,0.1,46,9,0.1,Vegetables,Vegetarian
Gotukola,23,2.0,4.0,0.2,1.1,0.0,171,5.6,30,33,391,48,0.2,48.5,0.1,0.2,1.0,0.1,0,0,0.0,Leafy Greens,Vegetarian
Mukunuwenna,23,2.0,4.0,0.2,1.1,0.0,171,5.6,30,33,391,48,0.2,48.5,0.1,0.2,1.0,0.1,0,0,0.0,Leafy Greens,Vegetarian
Kathurumurunga,23,2.0,4.0,0.2,1.1,0.0,171,5.6,30,33,391,48,0.2,48.5,0.1,0.2,1.0,0.1,0,0,0.0,Leafy Greens,Vegetarian
Kankun,19,2.0,3.4,0.4,1.6,0.0,99,2.7,70,37,312,79,0.4,43.0,0.1,0.1,0.9,0.1,85,291,1.5,Leafy Greens,Vegetarian
Spinach,23,2.9,3.6,0.4,2.2,0.4,99,2.7,79,49,558,79,0.5,28.1,0.1,0.2,0.7,0.2,194,469,2.0,Leafy Greens,Vegetarian
Baby spinach,23,2.9,3.6,0.4,2.2,0.4,99,2.7,79,49,558,79,0.5,28.1,0.1,0.2,0.7,0.2,194,469,2.0,Leafy Greens,Vegetarian
Red spinach,21,2.1,4.3,0.3,1.5,0.0,215,3.0,55,50,0,25,0.6,43.0,0.1,0.1,0.5,0.2,0,0,0.0,Leafy Greens,Vegetarian
Amaranth leaves,23,2.5,4.0,0.3,2.0,0.0,215,3.0,55,50,611,20,0.9,43.0,0.0,0.2,0.7,0.2,85,146,0.9,Leafy Greens,Vegetarian
Drumstick leaves,64,9.4,8.3,1.4,2.0,0.0,185,4.0,147,112,337,9,0.6,51.7,0.3,0.7,2.2,1.2,40,378,9.0,Leafy Greens,Vegetarian
Fenugreek leaves,49,4.4,6.0,0.9,1.1,0.0,395,1.9,34,51,31,76,0.3,52.0,0.1,0.3,0.9,0.1,57,97,0.0,Leafy Greens,Vegetarian
Curry leaves,108,6.1,18.7,1.0,6.4,0.0,830,0.9,44,57,0,44,0.2,4.0,0.1,0.2,2.3,0.3,0,155,0.9,Leafy Greens,Vegetarian
Cassava leaves,92,3.7,17.0,1.0,5.5,0.0,330,7.6,77,75,0,0,1.3,26.4,0.2,0.3,1.7,0.1,0,0,0.0,Leafy Greens,Vegetarian
Pumpkin leaves,19,3.2,2.3,0.2,1.5,0.0,39,2.2,38,104,436,11,0.2,11.0,0.1,0.1,0.9,0.2,36,155,1.0,Leafy Greens,Vegetarian
Sweet potato leaves,42,2.5,8.8,0.3,1.8,0.0,37,0.8,61,0,0,10,0.2,11.0,0.2,0.3,1.2,0.3,0,189,0.0,Leafy Greens,Vegetarian
Radish leaves,20,1.2,4.4,0.2,2.6,0.0,190,0.9,13,42,0,40,0.1,59.0,0.0,0.1,0.3,0.1,0,0,0.0,Leafy Greens,Vegetarian
Beet greens,22,2.2,4.3,0.1,3.7,0.5,117,2.6,70,41,762,226,0.4,30.0,0.1,0.2,0.4,0.1,0,316,1.5,Leafy Greens,Vegetarian
Mustard greens,27,2.9,4.7,0.4,3.2,1.3,103,1.5,32,58,354,25,0.3,70.0,0.1,0.1,0.8,0.2,187,302,2.0,Leafy Greens,Vegetarian
Watercress,11,2.3,1.3,0.1,0.5,0.2,120,0.2,21,60,330,41,0.1,43.0,0.1,0.1,0.2,0.1,9,160,1.0,Leafy Greens,Vegetarian
Purslane,20,2.0,3.4,0.4,1.3,0.0,65,1.9,68,44,494,45,0.2,21.0,0.0,0.1,0.5,0.1,12,0,6.0,Leafy Greens,Vegetarian
Basella leaves,19,1.8,3.4,0.3,1.5,0.0,109,1.2,65,52,510,24,0.4,102.0,0.1,0.2,0.5,0.2,140,0,0.0,Leafy Greens,Vegetarian
Banana,89,1.1,22.8,0.3,2.6,12.2,5,0.3,27,22,358,1,0.2,8.7,0.0,0.1,0.7,0.4,20,3,0.1,Fruits,Vegetarian
Ambul banana,89,1.1,22.8,0.3,2.6,12.2,5,0.3,27,22,358,1,0.2,8.7,0.0,0.1,0.7,0.4,20,3,0.1,Fruits,Vegetarian
Kolikuttu banana,89,1.1,22.8,0.3,2.6,12.2,5,0.3,27,22,358,1,0.2,8.7,0.0,0.1,0.7,0.4,20,3,0.1,Fruits,Vegetarian
Seeni banana,89,1.1,22.8,0.3,2.6,12.2,5,0.3,27,22,358,1,0.2,8.7,0.0,0.1,0.7,0.4,20,3,0.1,Fruits,Vegetarian
Plantain,122,1.3,31.9,0.4,2.3,15.0,3,0.6,37,34,499,4,0.1,18.4,0.1,0.1,0.7,0.3,22,56,0.1,Fruits,Vegetarian
Apple,52,0.3,13.8,0.2,2.4,10.4,6,0.1,5,11,107,1,0.0,4.6,0.0,0.0,0.1,0.0,3,3,0.2,Fruits,Vegetarian
Green apple,52,0.3,13.8,0.2,2.4,10.4,6,0.1,5,11,107,1,0.0,4.6,0.0,0.0,0.1,0.0,3,3,0.2,Fruits,Vegetarian
Mango,60,0.8,15.0,0.4,1.6,13.7,11,0.2,10,14,168,1,0.1,36.4,0.0,0.1,0.7,0.1,43,54,1.1,Fruits,Vegetarian
Green mango,60,0.8,15.0,0.4,1.6,13.7,11,0.2,10,14,168,1,0.1,36.4,0.0,0.1,0.7,0.1,43,54,1.1,Fruits,Vegetarian
Papaya,43,0.5,10.8,0.3,1.7,7.8,20,0.3,21,10,182,8,0.1,60.9,0.0,0.0,0.4,0.0,37,47,0.3,Fruits,Vegetarian
Pineapple,50,0.5,13.1,0.1,1.4,9.9,13,0.3,12,8,109,1,0.1,47.8,0.1,0.0,0.5,0.1,18,3,0.0,Fruits,Vegetarian
Guava,68,2.6,14.3,1.0,5.4,8.9,18,0.3,22,40,417,2,0.2,228.3,0.1,0.0,1.1,0.1,49,31,0.7,Fruits,Vegetarian
Wood apple,137,7.1,31.8,0.3,0.0,0.0,130,0.6,0,110,600,13,0.0,8.0,0.1,0.2,1.2,0.0,8,0,0.0,Fruits,Vegetarian
Orange,47,0.9,11.8,0.1,2.4,9.4,40,0.1,10,14,181,0,0.1,53.2,0.1,0.0,0.3,0.1,30,11,0.2,Fruits,Vegetarian
Mandarin,53,0.8,13.3,0.3,1.8,10.6,37,0.2,12,20,166,2,0.1,26.7,0.1,0.0,0.4,0.1,16,34,0.2,Fruits,Vegetarian
Sweet lime,43,0.7,9.3,0.2,0.5,0.0,40,0.7,0,20,490,2,0.1,50.0,0.0,0.0,0.2,0.1,0,0,0.0,Fruits,Vegetarian
Lemon,29,1.1,9.3,0.3,2.8,2.5,26,0.6,8,16,138,2,0.1,53.0,0.0,0.0,0.1,0.1,11,1,0.2,Fruits,Vegetarian
Lime,30,0.7,10.5,0.2,2.8,1.7,33,0.6,6,18,102,2,0.1,29.1,0.0,0.0,0.2,0.0,8,2,0.2,Fruits,Vegetarian
Grapes green,69,0.7,18.1,0.2,0.9,15.5,10,0.4,7,20,191,2,0.1,3.2,0.1,0.1,0.3,0.1,2,3,0.2,Fruits,Vegetarian
Grapes red,69,0.7,18.1,0.2,0.9,15.5,10,0.4,7,20,191,2,0.1,3.2,0.1,0.1,0.3,0.1,2,3,0.2,Fruits,Vegetarian
Watermelon,30,0.6,7.6,0.2,0.4,6.2,7,0.2,10,11,112,1,0.1,8.1,0.0,0.0,0.2,0.0,3,28,0.1,Fruits,Vegetarian
Melon,34,0.8,8.2,0.2,0.9,8.0,9,0.2,12,15,267,16,0.2,36.7,0.0,0.0,0.7,0.1,21,169,0.1,Fruits,Vegetarian
Cantaloupe,34,0.8,8.2,0.2,0.9,8.0,9,0.2,12,15,267,16,0.2,36.7,0.0,0.0,0.7,0.1,21,169,0.1,Fruits,Vegetarian
Pomegranate,83,1.7,18.7,1.2,4.0,13.7,10,0.3,12,36,236,3,0.4,10.2,0.1,0.0,0.3,0.1,38,0,0.6,Fruits,Vegetarian
Jackfruit,95,1.7,23.2,0.6,1.5,19.1,24,0.2,29,21,448,2,0.1,13.7,0.1,0.1,0.9,0.3,24,5,0.3,Fruits,Vegetarian
Breadfruit,103,1.1,27.1,0.3,4.9,11.0,17,0.5,25,30,490,2,0.1,29.0,0.1,0.0,0.9,0.1,14,0,0.1,Fruits,Vegetarian
Rambutan,68,0.9,16.0,0.2,0.9,0.0,22,0.4,7,9,42,11,0.1,4.9,0.0,0.0,1.4,0.0,0,0,0.0,Fruits,Vegetarian
Mangosteen,73,0.4,17.9,0.6,1.8,0.0,12,0.3,13,8,48,7,0.2,2.9,0.1,0.1,0.3,0.0,31,0,0.0,Fruits,Vegetarian
Avocado,160,2.0,8.5,14.7,6.7,0.7,12,0.6,29,52,485,7,0.6,10.0,0.1,0.1,1.7,0.3,81,7,2.1,Fruits,Vegetarian
Dates fresh,142,1.8,37.3,0.4,3.7,31.6,39,1.0,43,62,656,1,0.3,0.0,0.1,0.1,1.6,0.2,19,0,0.1,Fruits,Vegetarian
Figs fresh,74,0.8,19.2,0.3,2.9,16.3,35,0.4,17,14,232,1,0.2,2.0,0.1,0.1,0.4,0.1,6,7,0.1,Fruits,Vegetarian
Sapodilla,83,0.4,20.0,1.1,5.3,0.0,21,0.8,12,12,193,12,0.1,14.7,0.0,0.0,0.2,0.0,14,3,0.0,Fruits,Vegetarian
Rose apple,25,0.6,5.7,0.3,1.5,0.0,29,0.1,5,8,123,0,0.1,22.3,0.0,0.0,0.8,0.0,0,0,0.0,Fruits,Vegetarian
Star fruit,31,1.0,6.7,0.3,2.8,3.9,3,0.1,10,12,133,2,0.1,34.4,0.0,0.0,0.4,0.0,12,61,0.2,Fruits,Vegetarian
Soursop,66,1.0,16.8,0.3,3.3,13.5,14,0.6,21,27,278,14,0.1,20.6,0.1,0.1,0.9,0.1,14,0,0.1,Fruits,Vegetarian
Custard apple,101,1.7,25.2,0.6,2.4,0.0,30,0.7,18,21,382,4,0.1,19.2,0.1,0.1,0.6,0.2,0,0,0.0,Fruits,Vegetarian
Indian gooseberry,44,0.9,10.2,0.6,4.3,0.0,25,0.3,10,20,198,0,0.1,27.7,0.0,0.0,0.3,0.1,6,15,0.4,Fruits,Vegetarian
Bael fruit,137,1.8,31.8,0.3,2.9,0.0,85,0.6,0,0,600,0,0.0,60.0,0.1,0.2,1.1,0.0,0,0,0.0,Fruits,Vegetarian
Cashew nuts,553,18.2,30.2,43.9,3.3,5.9,37,6.7,292,593,660,12,5.8,0.5,0.4,0.1,1.1,0.4,25,0,0.9,Nuts & Seeds,Vegetarian
Peanuts raw,567,25.8,16.1,49.2,8.5,4.7,92,4.6,168,376,705,18,3.3,0,0.6,0.1,12.1,0.3,240,0,8.3,Nuts & Seeds,Vegetarian
Almonds,579,21.2,21.7,49.9,12.5,4.4,269,3.7,270,481,733,1,3.1,0,0.2,1.1,3.6,0.1,44,0,25.6,Nuts & Seeds,Vegetarian
Walnuts,654,15.2,13.7,65.2,6.7,2.6,98,2.9,158,346,441,2,3.1,1.3,0.3,0.2,1.1,0.5,98,1,0.7,Nuts & Seeds,Vegetarian
Pistachios,562,20.2,27.5,45.4,10.6,7.6,105,3.9,121,490,1025,1,2.2,5.6,0.9,0.2,1.3,1.7,51,26,2.9,Nuts & Seeds,Vegetarian
Hazelnuts,628,15.0,16.7,60.8,9.7,4.3,114,4.7,163,290,680,0,2.5,6.3,0.6,0.1,1.8,0.6,113,1,15.0,Nuts & Seeds,Vegetarian
Brazil nuts,659,14.3,11.7,67.1,7.5,2.3,160,2.4,376,725,659,3,4.1,0.7,0.6,0.4,0.3,0.1,22,0,5.7,Nuts & Seeds,Vegetarian
Macadamia nuts,718,7.9,13.8,75.8,8.6,4.6,85,3.7,130,188,368,5,1.3,1.2,1.2,0.2,2.5,0.3,11,0,0.5,Nuts & Seeds,Vegetarian
Pine nuts,673,13.7,13.1,68.4,3.7,3.6,16,5.5,251,575,597,2,6.5,0.8,0.4,0.2,4.4,0.1,34,1,9.3,Nuts & Seeds,Vegetarian
Coconut fresh,354,3.3,15.2,33.5,9.0,6.2,14,2.4,32,113,356,20,1.1,3.3,0.1,0.0,0.5,0.1,26,0,0.2,Nuts & Seeds,Vegetarian
Coconut kernel,354,3.3,15.2,33.5,9.0,6.2,14,2.4,32,113,356,20,1.1,3.3,0.1,0.0,0.5,0.1,26,0,0.2,Nuts & Seeds,Vegetarian
Sesame seeds white,573,17.7,23.5,49.7,11.8,0.3,975,14.6,351,629,468,11,7.8,0,0.8,0.2,4.5,0.8,97,0,0.3,Nuts & Seeds,Vegetarian
Sesame seeds black,573,17.7,23.5,49.7,11.8,0.3,975,14.6,351,629,468,11,7.8,0,0.8,0.2,4.5,0.8,97,0,0.3,Nuts & Seeds,Vegetarian
Sunflower seeds,584,20.8,20.0,51.5,8.6,2.6,78,5.3,325,660,645,9,5.1,1.4,1.5,0.4,8.3,1.3,227,3,35.2,Nuts & Seeds,Vegetarian
Pumpkin seeds,559,30.2,10.7,49.1,6.0,1.4,46,8.8,592,1233,809,7,7.8,1.9,0.3,0.2,4.9,0.1,58,16,2.2,Nuts & Seeds,Vegetarian
Flax seeds,534,18.3,28.9,42.2,27.3,1.6,255,5.7,392,642,813,30,4.3,0.6,1.6,0.2,3.1,0.5,87,0,0.3,Nuts & Seeds,Vegetarian
Chia seeds,486,16.5,42.1,30.7,34.4,0.0,631,7.7,335,860,407,16,4.6,1.6,0.6,0.2,8.8,0.0,49,0,0.5,Nuts & Seeds,Vegetarian
Mustard seeds,508,26.1,28.1,36.2,12.2,6.8,266,9.2,370,828,738,13,6.1,7.1,0.8,0.3,4.7,0.4,162,31,5.3,Nuts & Seeds,Vegetarian
Poppy seeds,525,18.0,28.1,41.6,19.5,3.0,1438,9.8,347,870,719,26,7.9,1.0,0.9,0.1,0.9,0.2,82,0,1.8,Nuts & Seeds,Vegetarian
Coriander seeds,298,12.4,55.0,17.8,41.9,0.0,709,16.3,330,409,1267,35,4.7,21.0,0.2,0.3,2.1,0.0,0,0,0.0,Nuts & Seeds,Vegetarian
Cumin seeds,375,17.8,44.2,22.3,10.5,2.3,931,66.4,366,499,1788,168,4.8,7.7,0.6,0.3,4.6,0.4,10,64,3.3,Nuts & Seeds,Vegetarian
Fennel seeds,345,15.8,52.3,14.9,39.8,0.0,1196,18.5,385,487,1694,88,3.7,21.0,0.4,0.4,6.1,0.5,0,135,0.0,Nuts & Seeds,Vegetarian
Fenugreek seeds,323,23.0,58.4,6.4,24.6,0.0,176,33.5,191,296,770,67,2.5,3.0,0.3,0.4,1.6,0.6,57,3,0.0,Nuts & Seeds,Vegetarian
Cardamom seeds,311,10.8,68.5,6.7,28.0,0.0,383,14.0,229,178,1120,18,7.5,21.0,0.2,0.2,1.1,0.2,0,0,0.0,Nuts & Seeds,Vegetarian
Nigella seeds,540,20.8,42.0,40.0,14.0,0.0,570,17.8,368,0,0,17,6.2,0,0.0,0.0,0.0,0.0,0,0,0.0,Nuts & Seeds,Vegetarian
Cow milk,61,3.2,4.8,3.3,0.0,5.1,113,0.0,10,91,143,43,0.4,1.0,0.0,0.2,0.1,0.0,5,46,0.1,Dairy Products,Non-Vegetarian
Buffalo milk,97,3.8,5.2,6.9,0.0,5.2,195,0.1,18,110,178,52,0.5,2.3,0.1,0.2,0.1,0.1,6,64,0.1,Dairy Products,Non-Vegetarian
Goat milk,69,3.6,4.5,4.1,0.0,4.5,134,0.1,14,111,204,50,0.3,1.3,0.1,0.1,0.3,0.0,1,57,0.1,Dairy Products,Non-Vegetarian
Fresh curd,61,3.5,5.0,3.3,0.0,5.0,110,0.1,11,135,141,36,0.5,0.5,0.0,0.2,0.1,0.0,7,27,0.1,Dairy Products,Vegetarian
Yogurt plain,61,3.5,4.7,3.3,0.0,4.7,121,0.1,12,95,155,46,0.6,0.5,0.0,0.2,0.1,0.0,12,27,0.1,Dairy Products,Vegetarian
Greek yogurt,59,10.2,3.6,0.4,0.0,3.6,110,0.1,11,135,141,36,0.5,0.0,0.0,0.2,0.1,0.0,12,0,0.0,Dairy Products,Vegetarian
Buttermilk,40,3.3,4.8,0.9,0.0,4.8,116,0.0,11,89,151,105,0.4,1.0,0.0,0.2,0.1,0.0,5,33,0.1,Dairy Products,Vegetarian
Fresh cream,340,2.5,3.0,35.0,0.0,3.0,110,0.0,9,90,120,35,0.3,0.9,0.0,0.1,0.1,0.0,6,365,1.0,Dairy Products,Non-Vegetarian
Milk powder whole,496,26.3,38.4,26.7,0.0,38.4,912,0.5,85,776,1330,371,3.3,9.0,0.3,1.2,0.7,0.3,50,258,0.6,Dairy Products,Non-Vegetarian
Milk powder skim,362,36.2,52.0,0.8,0.0,52.0,1257,0.3,110,968,1794,535,4.1,8.6,0.4,1.7,1.1,0.3,50,8,0.0,Dairy Products,Non-Vegetarian
Paneer,321,18.3,1.2,26.1,0.0,1.2,208,0.2,26,338,78,18,2.8,0.0,0.0,0.2,0.1,0.0,0,116,0.2,Dairy Products,Vegetarian
Fresh cheese,350,22.0,2.0,28.0,0.0,2.0,710,0.3,28,455,95,650,2.9,0.0,0.0,0.4,0.1,0.0,0,330,0.6,Dairy Products,Non-Vegetarian
Whey,27,0.9,5.1,0.4,0.0,5.1,47,0.1,8,54,161,54,0.1,0.0,0.0,0.1,0.1,0.0,1,10,0.0,Dairy Products,Non-Vegetarian
Ghee,900,0.3,0.0,99.8,0.0,0.0,0,0.0,0,0,0,0,0.0,0.0,0.0,0.0,0.0,0.0,0,0,0.0,Dairy Products,Non-Vegetarian
Butter unsalted,717,0.9,0.1,81.1,0.0,0.1,24,0.0,2,24,24,11,0.1,0.0,0.0,0.0,0.0,0.0,3,684,2.3,Dairy Products,Non-Vegetarian
